Metric,Value
R² Score,0.9276741795254482
MAE,0.24997015347309923
MSE,0.1506458186889268
RMSE,0.3881311874726467
